{"cameraMode":{"drawMode":0,"name":"Shaded","section":"Shading Mode"},"sceneLighting":true,"audioPlay":false,"sceneViewState":{"showFog":true,"showMaterialUpdate":false,"showSkybox":true,"showFlares":true,"showImageEffects":true,"showParticleSystems":true,"showVisualEffectGraphs":true,"m_FxEnabled":true},"in2DMode":false,"pivot":{"x":10.569038391113282,"y":-60.286476135253909,"z":10.042356491088868},"rotation":{"x":0.5844999551773071,"y":-0.034055326133966449,"z":0.02456054836511612,"w":0.810306966304779},"size":50.24006271362305,"orthographic":false}