{"cameraMode":{"drawMode":0,"name":"Shaded","section":"Shading Mode"},"sceneLighting":true,"audioPlay":false,"sceneViewState":{"showFog":true,"showMaterialUpdate":false,"showSkybox":true,"showFlares":true,"showImageEffects":true,"showParticleSystems":true,"showVisualEffectGraphs":true,"m_FxEnabled":true},"in2DMode":false,"pivot":{"x":6.712650299072266,"y":6.352210998535156,"z":-9.931129455566407},"rotation":{"x":0.33337855339050295,"y":0.00848476029932499,"z":-0.0030010330956429245,"w":0.9427516460418701},"size":32.615509033203128,"orthographic":false}