{"cameraMode":{"drawMode":0,"name":"Shaded","section":"Shading Mode"},"sceneLighting":true,"audioPlay":false,"sceneViewState":{"showFog":true,"showMaterialUpdate":false,"showSkybox":true,"showFlares":true,"showImageEffects":true,"showParticleSystems":true,"showVisualEffectGraphs":true,"m_FxEnabled":true},"in2DMode":false,"pivot":{"x":7.314811706542969,"y":-2.501455307006836,"z":5.802905082702637},"rotation":{"x":0.48733633756637576,"y":-0.031422682106494907,"z":0.017551574856042863,"w":0.8724724054336548},"size":23.04591178894043,"orthographic":false}