{"cameraMode":{"drawMode":0,"name":"Shaded","section":"Shading Mode"},"sceneLighting":true,"audioPlay":false,"sceneViewState":{"showFog":true,"showMaterialUpdate":false,"showSkybox":true,"showFlares":true,"showImageEffects":true,"showParticleSystems":true,"showVisualEffectGraphs":true,"m_FxEnabled":true},"in2DMode":false,"pivot":{"x":-34.51566696166992,"y":-60.151832580566409,"z":54.423439025878909},"rotation":{"x":0.42220258712768557,"y":0.009515798650681973,"z":-0.004436042159795761,"w":0.9064405560493469},"size":43.58993148803711,"orthographic":false}