{"cameraMode":{"drawMode":0,"name":"Shaded","section":"Shading Mode"},"sceneLighting":true,"audioPlay":false,"sceneViewState":{"showFog":true,"showMaterialUpdate":false,"showSkybox":true,"showFlares":true,"showImageEffects":true,"showParticleSystems":true,"showVisualEffectGraphs":true,"m_FxEnabled":true},"in2DMode":false,"pivot":{"x":5.802475929260254,"y":-55.04104995727539,"z":46.81312942504883},"rotation":{"x":0.35363245010375979,"y":-0.015727579593658448,"z":0.005932831205427647,"w":0.9352476000785828},"size":55.444557189941409,"orthographic":false}