{"cameraMode":{"drawMode":0,"name":"Shaded","section":"Shading Mode"},"sceneLighting":true,"audioPlay":false,"sceneViewState":{"showFog":true,"showMaterialUpdate":false,"showSkybox":true,"showFlares":true,"showImageEffects":true,"showParticleSystems":true,"showVisualEffectGraphs":true,"m_FxEnabled":true},"in2DMode":false,"pivot":{"x":626.504150390625,"y":297.9875793457031,"z":-25.4281005859375},"rotation":{"x":0.053960222750902179,"y":0.022465310990810396,"z":-0.0012143057538196445,"w":0.9982901811599731},"size":399.02581787109377,"orthographic":false}