{"cameraMode":{"drawMode":0,"name":"Shaded","section":"Shading Mode"},"sceneLighting":true,"audioPlay":false,"sceneViewState":{"showFog":true,"showMaterialUpdate":false,"showSkybox":true,"showFlares":true,"showImageEffects":true,"showParticleSystems":true,"showVisualEffectGraphs":true,"m_FxEnabled":true},"in2DMode":false,"pivot":{"x":5.885039329528809,"y":22.290542602539064,"z":-37.074501037597659},"rotation":{"x":0.24143485724925996,"y":-0.02037709951400757,"z":0.005070507992058992,"w":0.9701915979385376},"size":1.563500165939331,"orthographic":false}