{"cameraMode":{"drawMode":0,"name":"Shaded","section":"Shading Mode"},"sceneLighting":true,"audioPlay":false,"sceneViewState":{"showFog":true,"showMaterialUpdate":false,"showSkybox":true,"showFlares":true,"showImageEffects":true,"showParticleSystems":true,"showVisualEffectGraphs":true,"m_FxEnabled":true},"in2DMode":false,"pivot":{"x":7.104310035705566,"y":-10.361719131469727,"z":9.869277000427246},"rotation":{"x":-0.49651268124580386,"y":0.029422542080283166,"z":-0.016846513375639917,"w":-0.8673782348632813},"size":24.228687286376954,"orthographic":false}