{"cameraMode":{"drawMode":0,"name":"Shaded","section":"Shading Mode"},"sceneLighting":true,"audioPlay":false,"sceneViewState":{"showFog":true,"showMaterialUpdate":false,"showSkybox":true,"showFlares":true,"showImageEffects":true,"showParticleSystems":true,"showVisualEffectGraphs":true,"m_FxEnabled":true},"in2DMode":false,"pivot":{"x":1.6845710277557374,"y":2.9368152618408205,"z":-1.8142814636230469},"rotation":{"x":-0.29062849283218386,"y":0.01091614831238985,"z":-0.003321090480312705,"w":-0.9567773342132568},"size":25.231407165527345,"orthographic":false}