{"cameraMode":{"drawMode":0,"name":"Shaded","section":"Shading Mode"},"sceneLighting":true,"audioPlay":false,"sceneViewState":{"showFog":true,"showMaterialUpdate":false,"showSkybox":true,"showFlares":true,"showImageEffects":true,"showParticleSystems":true,"showVisualEffectGraphs":true,"m_FxEnabled":true},"in2DMode":false,"pivot":{"x":0.08043515682220459,"y":-9.413455963134766,"z":26.228126525878908},"rotation":{"x":0.22836540639400483,"y":0.0029204990714788439,"z":-0.0006854773382656276,"w":0.9735739231109619},"size":54.1236572265625,"orthographic":false}