{"cameraMode":{"drawMode":0,"name":"Shaded","section":"Shading Mode"},"sceneLighting":true,"audioPlay":false,"sceneViewState":{"showFog":true,"showMaterialUpdate":false,"showSkybox":true,"showFlares":true,"showImageEffects":true,"showParticleSystems":true,"showVisualEffectGraphs":true,"m_FxEnabled":true},"in2DMode":false,"pivot":{"x":464.4548645019531,"y":240.35032653808595,"z":75.7601318359375},"rotation":{"x":-0.01049756444990635,"y":-0.020996829494833947,"z":-0.0002208949445048347,"w":0.9997270107269287},"size":476.6163330078125,"orthographic":false}