{"cameraMode":{"drawMode":0,"name":"Shaded","section":"Shading Mode"},"sceneLighting":true,"audioPlay":false,"sceneViewState":{"showFog":true,"showMaterialUpdate":false,"showSkybox":true,"showFlares":true,"showImageEffects":true,"showParticleSystems":true,"showVisualEffectGraphs":true,"m_FxEnabled":true},"in2DMode":false,"pivot":{"x":24.469280242919923,"y":-26.367687225341798,"z":29.901201248168947},"rotation":{"x":-0.5277023911476135,"y":0.003318257164210081,"z":-0.00206865556538105,"w":-0.8494104146957398},"size":34.84966278076172,"orthographic":false}