{"cameraMode":{"drawMode":0,"name":"Shaded","section":"Shading Mode"},"sceneLighting":true,"audioPlay":false,"sceneViewState":{"showFog":true,"showMaterialUpdate":false,"showSkybox":true,"showFlares":true,"showImageEffects":true,"showParticleSystems":true,"showVisualEffectGraphs":true,"m_FxEnabled":true},"in2DMode":false,"pivot":{"x":-8.115839004516602,"y":-42.42795181274414,"z":84.36296844482422},"rotation":{"x":0.284897118806839,"y":0.0014369286363944412,"z":-0.00042934808880090714,"w":0.9585551619529724},"size":68.16606140136719,"orthographic":false}