{"cameraMode":{"drawMode":0,"name":"Shaded","section":"Shading Mode"},"sceneLighting":true,"audioPlay":false,"sceneViewState":{"showFog":true,"showMaterialUpdate":false,"showSkybox":true,"showFlares":true,"showImageEffects":true,"showParticleSystems":true,"showVisualEffectGraphs":true,"m_FxEnabled":true},"in2DMode":false,"pivot":{"x":18.974720001220704,"y":0.5390679836273193,"z":14.576539993286133},"rotation":{"x":0.07660230994224549,"y":-0.7179933190345764,"z":0.08001809567213059,"w":0.6871935129165649},"size":4.188497543334961,"orthographic":false}