{"cameraMode":{"drawMode":0,"name":"Shaded","section":"Shading Mode"},"sceneLighting":true,"audioPlay":false,"sceneViewState":{"showFog":true,"showMaterialUpdate":false,"showSkybox":true,"showFlares":true,"showImageEffects":true,"showParticleSystems":true,"showVisualEffectGraphs":true,"m_FxEnabled":true},"in2DMode":false,"pivot":{"x":-0.19554495811462403,"y":-33.85103225708008,"z":51.266048431396487},"rotation":{"x":0.2805598974227905,"y":-0.011518058367073536,"z":0.0033665115479379894,"w":0.9597609639167786},"size":46.37361145019531,"orthographic":false}