{"cameraMode":{"drawMode":0,"name":"Shaded","section":"Shading Mode"},"sceneLighting":true,"audioPlay":false,"sceneViewState":{"showFog":true,"showMaterialUpdate":false,"showSkybox":true,"showFlares":true,"showImageEffects":true,"showParticleSystems":true,"showVisualEffectGraphs":true,"m_FxEnabled":true},"in2DMode":false,"pivot":{"x":0.04049491882324219,"y":-13.40777587890625,"z":20.85625457763672},"rotation":{"x":0.3587087392807007,"y":0.008400622755289078,"z":-0.0032288176007568838,"w":0.9334090948104858},"size":48.50296401977539,"orthographic":false}