{"cameraMode":{"drawMode":0,"name":"Shaded","section":"Shading Mode"},"sceneLighting":true,"audioPlay":false,"sceneViewState":{"showFog":true,"showMaterialUpdate":false,"showSkybox":true,"showFlares":true,"showImageEffects":true,"showParticleSystems":true,"showVisualEffectGraphs":true,"m_FxEnabled":true},"in2DMode":false,"pivot":{"x":19.53255844116211,"y":-3.6761903762817385,"z":9.75765323638916},"rotation":{"x":0.5454246997833252,"y":0.0025143472012132408,"z":-0.0016364376060664654,"w":0.8381548523902893},"size":22.27764892578125,"orthographic":false}