{"cameraMode":{"drawMode":0,"name":"Shaded","section":"Shading Mode"},"sceneLighting":true,"audioPlay":false,"sceneViewState":{"showFog":true,"showMaterialUpdate":false,"showSkybox":true,"showFlares":true,"showImageEffects":true,"showParticleSystems":true,"showVisualEffectGraphs":true,"m_FxEnabled":true},"in2DMode":false,"pivot":{"x":3.4393200874328615,"y":-68.49967956542969,"z":61.321006774902347},"rotation":{"x":0.4153979420661926,"y":-0.008186683058738709,"z":0.0037382924929261209,"w":0.9095956683158875},"size":68.21024322509766,"orthographic":false}