{"cameraMode":{"drawMode":0,"name":"Shaded","section":"Shading Mode"},"sceneLighting":true,"audioPlay":false,"sceneViewState":{"showFog":true,"showMaterialUpdate":false,"showSkybox":true,"showFlares":true,"showImageEffects":true,"showParticleSystems":true,"showVisualEffectGraphs":true,"m_FxEnabled":true},"in2DMode":false,"pivot":{"x":5.163780689239502,"y":2.9196300506591799,"z":-14.127202987670899},"rotation":{"x":0.41175520420074465,"y":0.02158227749168873,"z":-0.009761621244251728,"w":0.9110018014907837},"size":18.914691925048829,"orthographic":false}