{"cameraMode":{"drawMode":0,"name":"Shaded","section":"Shading Mode"},"sceneLighting":true,"audioPlay":false,"sceneViewState":{"showFog":true,"showMaterialUpdate":false,"showSkybox":true,"showFlares":true,"showImageEffects":true,"showParticleSystems":true,"showVisualEffectGraphs":true,"m_FxEnabled":true},"in2DMode":false,"pivot":{"x":29.692520141601564,"y":-66.69125366210938,"z":72.87385559082031},"rotation":{"x":0.3683687150478363,"y":0.025096876546740533,"z":-0.009948378428816796,"w":0.9292880296707153},"size":75.80420684814453,"orthographic":false}