{"cameraMode":{"drawMode":0,"name":"Shaded","section":"Shading Mode"},"sceneLighting":true,"audioPlay":false,"sceneViewState":{"showFog":true,"showMaterialUpdate":false,"showSkybox":true,"showFlares":true,"showImageEffects":true,"showParticleSystems":true,"showVisualEffectGraphs":true,"m_FxEnabled":true},"in2DMode":false,"pivot":{"x":1183.966552734375,"y":489.3943786621094,"z":134.8695068359375},"rotation":{"x":0.0383891761302948,"y":0.0014988939510658384,"z":-0.00005797797712148167,"w":0.9992632865905762},"size":935.4253540039063,"orthographic":false}