{"cameraMode":{"drawMode":0,"name":"Shaded","section":"Shading Mode"},"sceneLighting":false,"audioPlay":false,"sceneViewState":{"showFog":true,"showMaterialUpdate":false,"showSkybox":false,"showFlares":true,"showImageEffects":true,"showParticleSystems":true,"showVisualEffectGraphs":true,"m_FxEnabled":true},"in2DMode":false,"pivot":{"x":-3.6975536346435549,"y":0.8389521837234497,"z":-1.6106263399124146},"rotation":{"x":-0.0038457599002867939,"y":-0.7026292085647583,"z":0.0037913983687758447,"w":-0.7115495204925537},"size":2.0884974002838136,"orthographic":false}