{"cameraMode":{"drawMode":0,"name":"Shaded","section":"Shading Mode"},"sceneLighting":false,"audioPlay":false,"sceneViewState":{"showFog":true,"showMaterialUpdate":false,"showSkybox":false,"showFlares":true,"showImageEffects":true,"showParticleSystems":true,"showVisualEffectGraphs":true,"m_FxEnabled":true},"in2DMode":false,"pivot":{"x":2.393430233001709,"y":-0.1611039638519287,"z":-1.6842541694641114},"rotation":{"x":0.0024057780392467977,"y":-0.9823912382125855,"z":0.18638773262500764,"w":0.012671969830989838},"size":3.044045925140381,"orthographic":false}