{"cameraMode":{"drawMode":0,"name":"Shaded","section":"Shading Mode"},"sceneLighting":false,"audioPlay":false,"sceneViewState":{"showFog":true,"showMaterialUpdate":false,"showSkybox":false,"showFlares":true,"showImageEffects":true,"showParticleSystems":true,"showVisualEffectGraphs":true,"m_FxEnabled":true},"in2DMode":false,"pivot":{"x":2.8357133865356447,"y":-0.0670170783996582,"z":0.44379913806915285},"rotation":{"x":0.19286178052425385,"y":0.6750071048736572,"z":-0.18964995443820954,"w":0.6864417195320129},"size":4.639849662780762,"orthographic":false}