{"cameraMode":{"drawMode":0,"name":"Shaded","section":"Shading Mode"},"sceneLighting":false,"audioPlay":false,"sceneViewState":{"showFog":true,"showMaterialUpdate":false,"showSkybox":false,"showFlares":true,"showImageEffects":true,"showParticleSystems":true,"showVisualEffectGraphs":true,"m_FxEnabled":true},"in2DMode":false,"pivot":{"x":-42.847198486328128,"y":0.22423577308654786,"z":4.982799530029297},"rotation":{"x":0.15795262157917024,"y":0.5216980576515198,"z":-0.09898114204406738,"w":0.8325163125991821},"size":1.4933613538742066,"orthographic":false}