{"cameraMode":{"drawMode":0,"name":"Shaded","section":"Shading Mode"},"sceneLighting":false,"audioPlay":false,"sceneViewState":{"showFog":true,"showMaterialUpdate":false,"showSkybox":false,"showFlares":true,"showImageEffects":true,"showParticleSystems":true,"showVisualEffectGraphs":true,"m_FxEnabled":true},"in2DMode":false,"pivot":{"x":0.3386952877044678,"y":0.6619513034820557,"z":-0.35343697667121889},"rotation":{"x":0.10844621062278748,"y":0.7194172739982605,"z":-0.11536142230033875,"w":0.676292896270752},"size":1.2932536602020264,"orthographic":false}